{"frames":{"ship-sailing0.png":{"frame":{"x":0,"y":0,"w":500,"h":500},"rotated":false,"trimmed":false,"spriteSourceSize":{"x":0,"y":0,"w":500,"h":500},"sourceSize":{"w":500,"h":500}},"ship-sailing1.png":{"frame":{"x":500,"y":0,"w":500,"h":500},"rotated":false,"trimmed":false,"spriteSourceSize":{"x":0,"y":0,"w":500,"h":500},"sourceSize":{"w":500,"h":500}},"ship-sailing2.png":{"frame":{"x":0,"y":500,"w":500,"h":500},"rotated":false,"trimmed":false,"spriteSourceSize":{"x":0,"y":0,"w":500,"h":500},"sourceSize":{"w":500,"h":500}},"ship-sailing3.png":{"frame":{"x":500,"y":500,"w":500,"h":500},"rotated":false,"trimmed":false,"spriteSourceSize":{"x":0,"y":0,"w":500,"h":500},"sourceSize":{"w":500,"h":500}}},"meta":{"app":"https://github.com/piskelapp/piskel/","version":"1.0","image":"ship-sailing.png","format":"RGBA8888","size":{"w":1000,"h":1000}}}