{"frames":
    [
        {"position":{"x":0,"y":0,"w":500,"h":500},
        "rotated":false,
        "trimmed":false,
        "spriteSourceSize":{"x":0,"y":0,"w":500,"h":500},
        "sourceSize":{"w":500,"h":500}},
        {"position":{"x":500,"y":0,"w":500,"h":500},
        "rotated":false,"trimmed":false,
        "spriteSourceSize":{"x":0,"y":0,"w":500,"h":500},
        "sourceSize":{"w":500,"h":500}},
        {"position":{"x":0,"y":500,"w":500,"h":500},
        "rotated":false,"trimmed":false,
        "spriteSourceSize":{"x":0,"y":0,"w":500,"h":500},
        "sourceSize":{"w":500,"h":500}},
        {"position":{"x":500,"y":500,"w":500,"h":500},
        "rotated":false,"trimmed":false,"spriteSourceSize":{"x":0,"y":0,"w":500,"h":500},
        "sourceSize":{"w":500,"h":500}}
    ]
    }